{"cameraMode":{"drawMode":0,"name":"Shaded","section":"Shading Mode"},"sceneLighting":false,"audioPlay":false,"sceneViewState":{"showFog":true,"showMaterialUpdate":false,"showSkybox":true,"showFlares":true,"showImageEffects":true,"showParticleSystems":true},"in2DMode":false,"pivot":{"x":0.5900700092315674,"y":1.9745999574661255,"z":-1.9178999662399293},"rotation":{"x":0.002683661412447691,"y":-0.05787159502506256,"z":-0.00015545070345979184,"w":-0.998320460319519},"size":22.0,"orthographic":false}