{"cameraMode":{"drawMode":0,"name":"Shaded","section":"Shading Mode"},"sceneLighting":true,"audioPlay":false,"sceneViewState":{"showFog":true,"showMaterialUpdate":false,"showSkybox":true,"showFlares":true,"showImageEffects":true,"showParticleSystems":true},"in2DMode":false,"pivot":{"x":-16.695262908935548,"y":1.6104458570480347,"z":2.4951725006103517},"rotation":{"x":0.009300101548433304,"y":0.46255674958229067,"z":0.004852649290114641,"w":-0.8865276575088501},"size":5.623170852661133,"orthographic":false}