{"cameraMode":{"drawMode":0,"name":"Shaded","section":"Shading Mode"},"sceneLighting":true,"audioPlay":false,"sceneViewState":{"showFog":true,"showMaterialUpdate":false,"showSkybox":true,"showFlares":true,"showImageEffects":true,"showParticleSystems":true},"in2DMode":false,"pivot":{"x":-113.71666717529297,"y":7.279603004455566,"z":63.08938980102539},"rotation":{"x":-0.03085377812385559,"y":0.37636637687683108,"z":-0.012541776522994042,"w":-0.9258721470832825},"size":132.13133239746095,"orthographic":false}